{
  "Changes" : {
    "transaction" : "Changes",
    "sampleCount" : 10,
    "errorCount" : 0,
    "errorPct" : 0.0,
    "meanResTime" : 830.6999999999999,
    "medianResTime" : 837.0,
    "minResTime" : 681.0,
    "maxResTime" : 956.0,
    "pct1ResTime" : 947.5,
    "pct2ResTime" : 956.0,
    "pct3ResTime" : 956.0,
    "throughput" : 3.2658393207054215,
    "receivedKBytesPerSec" : 101.57270574787721,
    "sentKBytesPerSec" : 0.8483527922926193
  },
  "Home Page-1" : {
    "transaction" : "Home Page-1",
    "sampleCount" : 10,
    "errorCount" : 0,
    "errorPct" : 0.0,
    "meanResTime" : 713.7,
    "medianResTime" : 684.5,
    "minResTime" : 243.0,
    "maxResTime" : 1299.0,
    "pct1ResTime" : 1280.5,
    "pct2ResTime" : 1299.0,
    "pct3ResTime" : 1299.0,
    "throughput" : 2.890173410404624,
    "receivedKBytesPerSec" : 60.80315209537572,
    "sentKBytesPerSec" : 0.3415146315028902
  },
  "Home Page-0" : {
    "transaction" : "Home Page-0",
    "sampleCount" : 10,
    "errorCount" : 0,
    "errorPct" : 0.0,
    "meanResTime" : 493.8,
    "medianResTime" : 505.0,
    "minResTime" : 416.0,
    "maxResTime" : 543.0,
    "pct1ResTime" : 542.1,
    "pct2ResTime" : 543.0,
    "pct3ResTime" : 543.0,
    "throughput" : 2.7578599007170435,
    "receivedKBytesPerSec" : 0.8661403750689465,
    "sentKBytesPerSec" : 0.3258799296745725
  },
  "Total" : {
    "transaction" : "Total",
    "sampleCount" : 60,
    "errorCount" : 0,
    "errorPct" : 0.0,
    "meanResTime" : 679.55,
    "medianResTime" : 528.5,
    "minResTime" : 243.0,
    "maxResTime" : 1769.0,
    "pct1ResTime" : 1280.4999999999998,
    "pct2ResTime" : 1603.0,
    "pct3ResTime" : 1769.0,
    "throughput" : 12.49739637575505,
    "receivedKBytesPerSec" : 218.5107920224953,
    "sentKBytesPerSec" : 2.0666267444282442
  },
  "Changes-1" : {
    "transaction" : "Changes-1",
    "sampleCount" : 10,
    "errorCount" : 0,
    "errorPct" : 0.0,
    "meanResTime" : 349.1000000000001,
    "medianResTime" : 338.5,
    "minResTime" : 283.0,
    "maxResTime" : 539.0,
    "pct1ResTime" : 523.1,
    "pct2ResTime" : 539.0,
    "pct3ResTime" : 539.0,
    "throughput" : 3.957261574990107,
    "receivedKBytesPerSec" : 121.7854978729719,
    "sentKBytesPerSec" : 0.5139802631578947
  },
  "Changes-0" : {
    "transaction" : "Changes-0",
    "sampleCount" : 10,
    "errorCount" : 0,
    "errorPct" : 0.0,
    "meanResTime" : 481.4,
    "medianResTime" : 485.0,
    "minResTime" : 398.0,
    "maxResTime" : 535.0,
    "pct1ResTime" : 535.0,
    "pct2ResTime" : 535.0,
    "pct3ResTime" : 535.0,
    "throughput" : 3.7285607755406414,
    "receivedKBytesPerSec" : 1.216879893736018,
    "sentKBytesPerSec" : 0.4842759601043997
  },
  "Home Page" : {
    "transaction" : "Home Page",
    "sampleCount" : 10,
    "errorCount" : 0,
    "errorPct" : 0.0,
    "meanResTime" : 1208.6,
    "medianResTime" : 1208.5,
    "minResTime" : 720.0,
    "maxResTime" : 1769.0,
    "pct1ResTime" : 1753.4,
    "pct2ResTime" : 1769.0,
    "pct3ResTime" : 1769.0,
    "throughput" : 2.544529262086514,
    "receivedKBytesPerSec" : 54.33066952926208,
    "sentKBytesPerSec" : 0.6013438295165394
  }
}